SRX8119052, mix60_repair
SRX8119051, mix60_mrna
SRX8119050, mix30_repair
SRX8119049, mix30_mrna
SRX8119048, mix15_repair
SRX8119047, mix15_mrna
SRX8119046, pbmc60_repair
SRX8119045, pbmc60_mrna
SRX8119044, pbmc30_repair
SRX8119043, pbmc30_mrna
SRX8119042, pbmc15_repair
SRX8119041, pbmc15_mrna
SRX5729465, pbcm3_repair_pst1
SRX5729464, pbmc2_repair_pst1
SRX5729463, pbmc3_repair
SRX5729462, pbmc3_mrna
SRX5729461, pbmc2_repair
SRX5729460, pbmc2_mrna
SRX5729459, pbmc1_repair
SRX5729458, pbmc1_mrna
SRX5729457, barnyard_repair
SRX5729456, barnyard_mrna
